来源文件,来源Sheet,原始行号,系统大类,系统,界面,界面过程名称,FGUI名称,界面优先级,负责交互,负责拼接,负责GUI,PC定制等级,PC制作方式,PC工作量,定制优先级,PC制作进展,RLS备注,B2备注,风格迭代总进展,跑测来源
SOC项目全量界面整理.xlsx,界面盘点,2,全局通用,通用界面,对象选择浮窗,对象选择浮窗,UiExpandPopup,P0,王斌,谢爱萍,王京京,1-纯适配,纯适配+pc框架,无需,无需,暂不处理,,,无需处理,
SOC项目全量界面整理.xlsx,界面盘点,3,全局通用,通用界面,半屏选择弹窗,半屏选择弹窗,UiCommonSelectInventorySide@CommonSelectInventorySide,P0,王斌,谢爱萍,蒲诗雨,3-纯表现定制,纯适配+pc框架,无需,无需,制作完成,,,随迭代处理,
SOC项目全量界面整理.xlsx,界面盘点,4,全局通用,通用界面,卡片选项弹窗,卡片选项弹窗,UiRewardChoose,P0,李艺,谢爱萍,蒲诗雨,3-纯表现定制,纯适配+pc框架,无需,无需,制作完成,,,随迭代处理,
SOC项目全量界面整理.xlsx,界面盘点,5,全局通用,通用界面,数字键盘,数字键盘,UiCounterPopup,P0,余子文,谢爱萍,蒲诗雨,4-部分功能定制,适配+部分定制,E,P2可改,制作完成,,键盘直接输入数字 / 确定/撤回绑定快捷键 / 键位hover状态,随迭代处理,
SOC项目全量界面整理.xlsx,界面盘点,6,全局通用,通用界面,道具TIPS,道具TIPS,ComTipsMain,P0,余子文,谢爱萍,王京京,3-纯表现定制,适配+部分定制,F,P0必改,制作完成,,绑定快捷键 / UI适配,随迭代处理,
SOC项目全量界面整理.xlsx,界面盘点,7,全局通用,通用界面,改名弹窗,改名弹窗,bna,P0,余子文,谢爱萍,李萨,2-适配优化,纯适配+pc框架,无需,无需,暂不处理,,,无需处理,
SOC项目全量界面整理.xlsx,界面盘点,8,全局通用,通用界面,数量拆分弹窗,数量拆分弹窗,UiItemSplit,P0,王斌,谢爱萍,李萨,2-适配优化,纯适配+pc框架,无需,无需,暂不处理,,,随迭代处理,
SOC项目全量界面整理.xlsx,界面盘点,9,全局通用,通用界面,分享,分享,,P1,傅柄乔,谢爱萍,李宁,1-纯适配,纯适配+pc框架,无需,无需,暂不处理,,,随迭代处理,
SOC项目全量界面整理.xlsx,界面盘点,10,全局通用,通用界面,拍脸弹窗,拍脸弹窗,,P0,王斌,谢爱萍,彭歆妍,4-部分功能定制,适配+部分定制,E,P2可改,制作中,,绑定快捷键 / （关闭、翻页、详情）,随迭代处理,
SOC项目全量界面整理.xlsx,界面盘点,11,全局通用,通用界面,通用键盘输入框控件,通用键盘输入框控件,,P0,傅柄乔,谢爱萍,,1-纯适配,纯适配+pc框架,无需,无需,暂不处理,,PC无该组件,无需处理,
SOC项目全量界面整理.xlsx,界面盘点,12,全局通用,通用界面,全屏打断弹窗关闭框架 + / 恭喜获得弹窗,全屏打断弹窗关闭框架 + / 恭喜获得弹窗,UiCommonReward,P0,余子文,谢爱萍,李萨,4-部分功能定制,纯适配+pc框架,E,P1尽量,制作中,,全屏打断弹窗关闭框架 / 1、恭喜获得 / 2、升级 / 3、新手对话 / 4、抄家的结算 / 5、安全下线 / 6、接线结算 / 7、睡觉,随迭代处理,
SOC项目全量界面整理.xlsx,界面盘点,13,全局通用,全局组件,PC定制组件,PC定制组件,,,石凤姣,蔡婷艳,冯健恒,6-完全定制,定制,C,P0必改,制作完成,待增补,1、全局弹窗缩小 / 2、通用组件hover / 3、PC定制组件 / 4、风格化交互（鼠标视差等） / 5、画面尺寸规则 / 6、字号二次缩小,无需处理,
SOC项目全量界面整理.xlsx,界面盘点,14,全局通用,全局组件,PC鼠标,PC鼠标,,,王斌,蔡婷艳,李萨,6-完全定制,定制,,,,,,,
SOC项目全量界面整理.xlsx,界面盘点,16,局外系统（含跨局内外部分）,全局组件,登录器（PC）,登录器（PC）,无,P0,王斌,无,彭歆妍,无需,定制,无需,无需,暂不处理,,wegame处理,无需处理,
SOC项目全量界面整理.xlsx,界面盘点,17,局外系统（含跨局内外部分）,全局组件,无,登录器（PC）,无,P0,王斌,无,彭歆妍,无需,定制,无需,无需,暂不处理,,wegame处理,无需处理,
SOC项目全量界面整理.xlsx,界面盘点,18,局外系统（含跨局内外部分）,全局组件,无,登录器（PC）,无,P0,王斌,无,彭歆妍,无需,定制,无需,无需,暂不处理,,wegame处理,无需处理,
SOC项目全量界面整理.xlsx,界面盘点,19,局外系统（含跨局内外部分）,全局组件,区服选择,区服选择,,P2,傅柄乔,谢爱萍,王京京,1-纯适配,纯适配+pc框架,,,,,,,
SOC项目全量界面整理.xlsx,界面盘点,24,局外系统（含跨局内外部分）,全局组件,登录界面,登录界面,UiLoginView@LoginView,P0,石凤姣,谢爱萍,王京京,4-部分功能定制,定制,E,P0必改,待处理,1、退出游戏 / 2、UI布局 / 3、视频换高清,接入PC登录流程,随迭代处理,全量界面跑测表
SOC项目全量界面整理.xlsx,界面盘点,25,局外系统（含跨局内外部分）,全局组件,loading公告,loading公告,无,P0,傅柄乔,谢爱萍,蒲诗雨,1-纯适配,纯适配+pc框架,,,,,,,
SOC项目全量界面整理.xlsx,界面盘点,26,局外系统（含跨局内外部分）,全局组件,登录前公告,登录前公告,,P0,傅柄乔,谢爱萍,蒲诗雨,2-适配优化,纯适配+pc框架,无需,无需,待处理,,,未处理,
SOC项目全量界面整理.xlsx,界面盘点,27,局外系统（含跨局内外部分）,创角,选择身份,选择身份,RootCreateRoleNew,P0,石凤姣,杨帅帅,刘敏,3-纯表现定制,适配+部分定制,E,P2可改,制作完成,1、重新刷一下适配表现,PC选择身份卡片平铺,随迭代处理,
SOC项目全量界面整理.xlsx,界面盘点,28,局外系统（含跨局内外部分）,创角,RootCreateRoleNew,创角,RootCreateRoleNew,P0,石凤姣,杨帅帅,刘敏,,纯适配+pc框架,无需,无需,,,,随迭代处理,
SOC项目全量界面整理.xlsx,界面盘点,29,局外系统（含跨局内外部分）,创角,档案页,档案页,ComFile,P0,石凤姣,杨帅帅,刘敏,,纯适配+pc框架,无需,无需,,,,无需处理,
SOC项目全量界面整理.xlsx,界面盘点,30,局外系统（含跨局内外部分）,新手,CG,CG,,P0,,杨帅帅,,,适配+部分定制,F,P1尽量,,,跳过按钮定制交互,随迭代处理,
SOC项目全量界面整理.xlsx,界面盘点,31,局外系统（含跨局内外部分）,新手,新手对话,新手对话,UiDialog@LobbyDialog,P0,徐博,蔡婷艳,李萨,2-适配优化,纯适配+pc框架,无需,无需,待处理,,接一下弹窗关闭框架,随迭代处理,
SOC项目全量界面整理.xlsx,界面盘点,32,局外系统（含跨局内外部分）,新手,操作引导,操作引导,,P0,徐博,李秋,李萨,4-部分功能定制,适配+部分定制,D,P0必改,制作中,,,随迭代处理,
SOC项目全量界面整理.xlsx,界面盘点,33,局外系统（含跨局内外部分）,大厅,大厅主页,大厅主页,ComLobbyMainRoot,P0,王斌,杨帅帅,王京京,4-部分功能定制,适配+部分定制,无需,无需,待处理,,功能迭代一起处理,随迭代处理,
SOC项目全量界面整理.xlsx,界面盘点,34,局外系统（含跨局内外部分）,大厅,升级弹窗,升级弹窗,,P0,李艺,谢爱萍,王京京,1-纯适配,纯适配+pc框架,无需,无需,暂不处理,,接一下弹窗关闭框架,未处理,
SOC项目全量界面整理.xlsx,界面盘点,35,局外系统（含跨局内外部分）,大厅,潘多拉—活动拍脸,潘多拉—活动拍脸,,,孙晓娣,无,王京京,6-完全定制,纯适配+pc框架,无需,无需,制作中,跟进腾讯验收,,随迭代处理,
SOC项目全量界面整理.xlsx,界面盘点,36,局外系统（含跨局内外部分）,仓库,仓库,仓库,UiLobbyStash,P1,余子文,李秋,李宁,3-纯表现定制,纯适配+pc框架,无需,无需,制作完成,,,未处理,
SOC项目全量界面整理.xlsx,界面盘点,37,局外系统（含跨局内外部分）,个人信息,主页,主页,UiPlayerHomeView,P0,李艺,熊峰,李萨,3-纯表现定制,纯适配+pc框架,无需,无需,制作完成,,,未处理,
SOC项目全量界面整理.xlsx,界面盘点,38,局外系统（含跨局内外部分）,个人信息,修改头像,修改头像,卡片选择,P0,李艺,熊峰,李萨,2-适配优化,纯适配+pc框架,无需,无需,制作完成,,,未处理,
SOC项目全量界面整理.xlsx,界面盘点,39,局外系统（含跨局内外部分）,个人信息,修改头像框,修改头像框,UiPlayerDeckOut,P0,李艺,熊峰,李萨,2-适配优化,纯适配+pc框架,无需,无需,制作完成,,,未处理,
SOC项目全量界面整理.xlsx,界面盘点,40,局外系统（含跨局内外部分）,个人信息,修改名片,修改名片,UiPlayerDeckOut,P0,李艺,熊峰,李萨,2-适配优化,纯适配+pc框架,无需,无需,制作完成,,,未处理,
SOC项目全量界面整理.xlsx,界面盘点,41,局外系统（含跨局内外部分）,个人信息,修改气泡,修改气泡,UiPlayerDeckOut,P1,李艺,熊峰,李萨,2-适配优化,纯适配+pc框架,无需,无需,制作完成,,,未处理,
SOC项目全量界面整理.xlsx,界面盘点,42,局外系统（含跨局内外部分）,个人信息,展示名片,展示名片,UiPlayerHomeCard,P1,李艺,熊峰,李萨,2-适配优化,适配+部分定制,E,P2可改,制作完成,,快捷交互行为，如增加右键功能、绑定快捷键,未处理,
SOC项目全量界面整理.xlsx,界面盘点,43,局外系统（含跨局内外部分）,个人信息,灯牌/标签弹窗,灯牌/标签弹窗,UiPlayerPersonalIntroduction,P1,李艺,熊峰,李萨,2-适配优化,纯适配+pc框架,无需,无需,暂不处理,,,未处理,
SOC项目全量界面整理.xlsx,界面盘点,44,局外系统（含跨局内外部分）,个人信息,社群灯牌,社群灯牌,,,李艺,熊峰,李萨,1-纯适配,纯适配+pc框架,,,暂不处理,,,,
SOC项目全量界面整理.xlsx,界面盘点,45,局外系统（含跨局内外部分）,个人信息,个人数据,个人数据,,,李艺,熊峰,王京京,2-适配优化,纯适配+pc框架,,,待处理,,,,
SOC项目全量界面整理.xlsx,界面盘点,46,局外系统（含跨局内外部分）,个人信息,对局记录,对局记录,,,李艺,熊峰,王京京,2-适配优化,纯适配+pc框架,,,待处理,,,,
SOC项目全量界面整理.xlsx,界面盘点,47,局外系统（含跨局内外部分）,个人信息,详细数据,详细数据,,,李艺,熊峰,王京京,2-适配优化,纯适配+pc框架,,,待处理,,,,
SOC项目全量界面整理.xlsx,界面盘点,48,局外系统（含跨局内外部分）,个人信息,生存评分,生存评分,,,李艺,熊峰,王京京,2-适配优化,纯适配+pc框架,,,待处理,,,,
SOC项目全量界面整理.xlsx,界面盘点,49,局外系统（含跨局内外部分）,个人信息,突袭记录,突袭记录,,,李艺,熊峰,王京京,2-适配优化,纯适配+pc框架,,,待处理,,,,
SOC项目全量界面整理.xlsx,界面盘点,50,局外系统（含跨局内外部分）,个人信息,勋章,勋章,,P1,李艺,熊峰,王京京,,,,,暂不处理,,,,
SOC项目全量界面整理.xlsx,界面盘点,51,局外系统（含跨局内外部分）,个人信息,勋章-解锁条件,勋章-解锁条件,,P1,李艺,熊峰,王京京,,,,,暂不处理,,,,
SOC项目全量界面整理.xlsx,界面盘点,52,局外系统（含跨局内外部分）,邮箱,邮箱,邮箱,UiLobbyMail@LobbyMail,P0,王斌,杨帅帅,李宁,2-适配优化,纯适配+pc框架,无需,无需,制作完成,,,未处理,
SOC项目全量界面整理.xlsx,界面盘点,53,局外系统（含跨局内外部分）,生存手册,生存手册,生存手册,UiSurvivalManual@GameSurvivalManual,P0,王斌,李秋,李宁,4-部分功能定制,纯适配+pc框架,无需,无需,制作完成,,,随迭代处理,
SOC项目全量界面整理.xlsx,界面盘点,54,局外系统（含跨局内外部分）,好友,好友列表,好友列表,UiLobbyFriend@LobbyFriend,P0,傅柄乔,杨帅帅,冯健恒,1-纯适配,纯适配+pc框架,无需,无需,暂不处理,,,随迭代处理,
SOC项目全量界面整理.xlsx,界面盘点,55,局外系统（含跨局内外部分）,好友,添加好友,添加好友,,P0,傅柄乔,杨帅帅,冯健恒,1-纯适配,纯适配+pc框架,无需,无需,暂不处理,,,随迭代处理,
SOC项目全量界面整理.xlsx,界面盘点,56,局外系统（含跨局内外部分）,好友,请求列表,请求列表,,P0,傅柄乔,杨帅帅,冯健恒,1-纯适配,纯适配+pc框架,无需,无需,暂不处理,,,随迭代处理,
SOC项目全量界面整理.xlsx,界面盘点,57,局外系统（含跨局内外部分）,好友,临时好友,临时好友,,P0,傅柄乔,杨帅帅,冯健恒,1-纯适配,纯适配+pc框架,无需,无需,暂不处理,,,随迭代处理,
SOC项目全量界面整理.xlsx,界面盘点,58,局外系统（含跨局内外部分）,好友,好友赠礼,好友赠礼,,,傅柄乔,杨帅帅,冯健恒,1-纯适配,纯适配+pc框架,,,暂不处理,,,,
SOC项目全量界面整理.xlsx,界面盘点,59,局外系统（含跨局内外部分）,好友,赠礼页面,赠礼页面,,,傅柄乔,杨帅帅,冯健恒,1-纯适配,,,,,,,,
SOC项目全量界面整理.xlsx,界面盘点,61,局外系统（含跨局内外部分）,设置,基础设置,基础设置,UISetting@GameSetting,P0,石凤姣,蔡婷艳,冯健恒,6-完全定制,定制,无需,无需,制作完成,,,未处理,
SOC项目全量界面整理.xlsx,界面盘点,62,局外系统（含跨局内外部分）,设置,音效和音量,音效和音量,,P0,石凤姣,蔡婷艳,冯健恒,6-完全定制,定制,无需,无需,制作完成,,,未处理,
SOC项目全量界面整理.xlsx,界面盘点,63,局外系统（含跨局内外部分）,设置,拾取设置,拾取设置,,P0,石凤姣,蔡婷艳,冯健恒,6-完全定制,纯适配+pc框架,无需,无需,制作完成,,,未处理,
SOC项目全量界面整理.xlsx,界面盘点,64,局外系统（含跨局内外部分）,设置,设置-操作设置,设置-操作设置,,P0,石凤姣,蔡婷艳,冯健恒,6-完全定制,纯适配+pc框架,无需,无需,制作完成,,PC无此功能,未处理,
SOC项目全量界面整理.xlsx,界面盘点,65,局外系统（含跨局内外部分）,设置,设置-自定义键位,设置-自定义键位,,,石凤姣,蔡婷艳,冯健恒,6-完全定制,纯适配+pc框架,无需,无需,制作完成,,PC无此功能,随迭代处理,
SOC项目全量界面整理.xlsx,界面盘点,66,局外系统（含跨局内外部分）,设置,键鼠设置,键鼠设置,UISetting_PC@GameSetting_PC,P0,石凤姣,蔡婷艳,冯健恒,6-完全定制,定制,无需,无需,制作完成,,,未处理,
SOC项目全量界面整理.xlsx,界面盘点,67,局外系统（含跨局内外部分）,设置,快捷发言,快捷发言,,,石凤姣,蔡婷艳,冯健恒,6-完全定制,定制,无需,无需,待处理,,,,
SOC项目全量界面整理.xlsx,界面盘点,68,局外系统（含跨局内外部分）,组队,组队邀请侧弹窗,组队邀请侧弹窗,UiCommonInvite,P0,余子文,李秋,李宁,2-适配优化,纯适配+pc框架,无需,无需,待处理,未作悬浮态（20251112）,,未处理,
SOC项目全量界面整理.xlsx,界面盘点,69,局外系统（含跨局内外部分）,组队,大厅招募,大厅招募,UiCommonTeam,P2,余子文,李秋,李宁,2-适配优化,纯适配+pc框架,无需,无需,待处理,,,未处理,
SOC项目全量界面整理.xlsx,界面盘点,70,局外系统（含跨局内外部分）,组队,消息中心弹窗,消息中心弹窗,,P0,余子文,李秋,李宁,2-适配优化,纯适配+pc框架,无需,无需,待处理,,,未处理,
SOC项目全量界面整理.xlsx,界面盘点,71,局外系统（含跨局内外部分）,组队,组队侧弹窗-搜索好友,组队侧弹窗-搜索好友,UiCommonInvite,P0,余子文,李秋,李宁,2-适配优化,纯适配+pc框架,无需,无需,待处理,好友系统,,随迭代处理,
SOC项目全量界面整理.xlsx,界面盘点,72,局外系统（含跨局内外部分）,组队,发布招募,发布招募,UiPublishRecruit,P1,余子文,李秋,李宁,1-纯适配,纯适配+pc框架,无需,无需,待处理,,,未处理,
SOC项目全量界面整理.xlsx,界面盘点,73,局外系统（含跨局内外部分）,组队,局外组队主界面-大厅队伍,局外组队主界面-大厅队伍,UiLobbyTeam,P0,余子文,李秋,彭歆妍,3-纯表现定制,纯适配+pc框架,无需,无需,制作完成,,,随迭代处理,
SOC项目全量界面整理.xlsx,界面盘点,74,局外系统（含跨局内外部分）,组队,局外组队主界面-预约队伍,局外组队主界面-预约队伍,UiLobbyTeam,P0,余子文,李秋,彭歆妍,3-纯表现定制,纯适配+pc框架,无需,无需,制作完成,,,随迭代处理,
SOC项目全量界面整理.xlsx,界面盘点,75,局外系统（含跨局内外部分）,组队,预约招募,预约招募,UiCommonTeam,P0,余子文,李秋,李宁,2-适配优化,纯适配+pc框架,无需,无需,待处理,,,未处理,
SOC项目全量界面整理.xlsx,界面盘点,76,局外系统（含跨局内外部分）,组队,战局招募,战局招募,UiCommonTeam,P0,余子文,李秋,李宁,,,,,,,,,
SOC项目全量界面整理.xlsx,界面盘点,77,局外系统（含跨局内外部分）,组队,我的队伍,我的队伍,UiCommonTeam@CommonTeam,P0,余子文,李秋,李宁,3-纯表现定制,纯适配+pc框架,无需,无需,制作完成,,,未处理,
SOC项目全量界面整理.xlsx,界面盘点,78,局外系统（含跨局内外部分）,组队,选择时段弹窗,选择时段弹窗,UiTeamBooking@LobbyTeam,P0,余子文,李秋,李宁,1-纯适配,纯适配+pc框架,无需,无需,暂不处理,,,未处理,
SOC项目全量界面整理.xlsx,界面盘点,79,局外系统（含跨局内外部分）,组队,发布预约招募,发布预约招募,UiPublishRecruit,P0,余子文,李秋,李宁,1-纯适配,纯适配+pc框架,无需,无需,暂不处理,,,未处理,
SOC项目全量界面整理.xlsx,界面盘点,80,局外系统（含跨局内外部分）,战局/匹配流程,游戏选择模式,游戏选择模式,UiSelectPlayMode@LobbySelectPlayMode,P0,余子文,谢爱萍,彭歆妍,3-纯表现定制,适配+部分定制,无需,无需,制作完成,,UI适配定制,随迭代处理,
SOC项目全量界面整理.xlsx,界面盘点,81,局外系统（含跨局内外部分）,战局/匹配流程,大厅-组队中状态,大厅-组队中状态,ComLobbyMainRoot,P0,余子文,谢爱萍,彭歆妍,2-适配优化,纯适配+pc框架,无需,无需,待处理,,绑定快捷键,随迭代处理,
SOC项目全量界面整理.xlsx,界面盘点,82,局外系统（含跨局内外部分）,战局/匹配流程,找到对局提醒,找到对局提醒,ComMatchFeedback,P0,余子文,谢爱萍,彭歆妍,2-适配优化,纯适配+pc框架,无需,无需,待处理,,,随迭代处理,
SOC项目全量界面整理.xlsx,界面盘点,83,局外系统（含跨局内外部分）,聊天,世界频道聊天,世界频道聊天,ChatMain,P0,傅柄乔,蔡婷艳,李宁,4-部分功能定制,适配+部分定制,无需,无需,制作完成,,UI适配定制 / 语音输入定制,随迭代处理,
SOC项目全量界面整理.xlsx,界面盘点,84,局外系统（含跨局内外部分）,聊天,私聊,私聊,ChatMain,P0,傅柄乔,蔡婷艳,李宁,4-部分功能定制,纯适配+pc框架,无需,无需,制作完成,,,随迭代处理,
SOC项目全量界面整理.xlsx,界面盘点,85,局外系统（含跨局内外部分）,聊天,队伍聊天,队伍聊天,ChatMain,P0,傅柄乔,蔡婷艳,李宁,4-部分功能定制,纯适配+pc框架,无需,无需,制作完成,,,随迭代处理,
SOC项目全量界面整理.xlsx,界面盘点,86,局外系统（含跨局内外部分）,聊天,社群聊天,社群聊天,ChatMain,P0,傅柄乔,蔡婷艳,李宁,,,,,,,,,
SOC项目全量界面整理.xlsx,界面盘点,87,局外系统（含跨局内外部分）,聊天,公会聊天,公会聊天,ChatMain,P0,傅柄乔,蔡婷艳,李宁,,,,,,,,,
SOC项目全量界面整理.xlsx,界面盘点,88,局外系统（含跨局内外部分）,聊天,聊天语音,聊天语音,UiChat@GameChat,P0,傅柄乔,蔡婷艳,李宁,4-部分功能定制,纯适配+pc框架,无需,无需,制作完成,,,随迭代处理,
SOC项目全量界面整理.xlsx,界面盘点,89,局外系统（含跨局内外部分）,服务器列表,服务器列表,服务器列表,UiLobbyServerList@LobbyServerList,P2,,蔡婷艳,,1-纯适配,纯适配+pc框架,无需,无需,暂不处理,,,无需处理,
SOC项目全量界面整理.xlsx,界面盘点,90,局外系统（含跨局内外部分）,历史战局,历史战局,历史战局,UiHistoryBattle,P1,余子文,蔡婷艳,彭歆妍,3-纯表现定制,纯适配+pc框架,无需,无需,制作完成,,,随迭代处理,
SOC项目全量界面整理.xlsx,界面盘点,91,局外系统（含跨局内外部分）,历史战局,游戏删除确认,游戏删除确认,deleteHistoryPanel,P1,余子文,蔡婷艳,彭歆妍,1-纯适配,纯适配+pc框架,无需,无需,暂不处理,,,待定,
SOC项目全量界面整理.xlsx,界面盘点,92,局外系统（含跨局内外部分）,皮肤(收藏),主页,主页,RootLobbySkinEntrance,P0,王斌,李秋,蒲诗雨,3-纯表现定制,纯适配+pc框架,无需,无需,制作完成,,,待定,
SOC项目全量界面整理.xlsx,界面盘点,93,局外系统（含跨局内外部分）,皮肤(收藏),道具&武器,道具&武器,UiLobbySkinWeapon,P0,王斌,李秋,蒲诗雨,3-纯表现定制,适配+部分定制,F,P1尽量,制作完成,,UI适配定制,未处理,
SOC项目全量界面整理.xlsx,界面盘点,94,局外系统（含跨局内外部分）,皮肤(收藏),通用预览,通用预览,UiCommonPreview,P0,王斌,李秋,蒲诗雨,3-纯表现定制,纯适配+pc框架,无需,无需,制作完成,,,未处理,
SOC项目全量界面整理.xlsx,界面盘点,95,局外系统（含跨局内外部分）,皮肤(收藏),亮点弹窗,亮点弹窗,ComPopHighLight,P0,王斌,李秋,蒲诗雨,2-适配优化,纯适配+pc框架,无需,无需,待处理,,,未处理,
SOC项目全量界面整理.xlsx,界面盘点,96,局外系统（含跨局内外部分）,皮肤(收藏),收藏分享图,收藏分享图,UiCommonShare,P1,王斌,李秋,蒲诗雨,1-纯适配,纯适配+pc框架,无需,无需,1-纯适配,,,未处理,
SOC项目全量界面整理.xlsx,界面盘点,97,局外系统（含跨局内外部分）,皮肤(收藏),角色-时装,角色-时装,ComSkinArmorContent,P0,王斌,李秋,蒲诗雨,,,,,,,,,
SOC项目全量界面整理.xlsx,界面盘点,98,局外系统（含跨局内外部分）,皮肤(收藏),角色-装备,角色-装备,ComSkinArmorContent,P0,王斌,李秋,蒲诗雨,3-纯表现定制,纯适配+pc框架,无需,无需,制作完成,,,未处理,
SOC项目全量界面整理.xlsx,界面盘点,99,局外系统（含跨局内外部分）,皮肤(收藏),建筑,建筑,RootLobbySkinBuildingContent,P0,王斌,李秋,蒲诗雨,3-纯表现定制,纯适配+pc框架,无需,无需,制作完成,,,未处理,
SOC项目全量界面整理.xlsx,界面盘点,100,局外系统（含跨局内外部分）,皮肤(收藏),摆件,摆件,UiLobbySkinBuilding,P0,王斌,李秋,蒲诗雨,3-纯表现定制,纯适配+pc框架,无需,无需,制作完成,,,未处理,
SOC项目全量界面整理.xlsx,界面盘点,101,局外系统（含跨局内外部分）,皮肤(收藏),个性化,个性化,ComLobbySkinWeaponRoot,P0,王斌,李秋,蒲诗雨,3-纯表现定制,纯适配+pc框架,无需,无需,制作完成,,,未处理,
SOC项目全量界面整理.xlsx,界面盘点,102,局外系统（含跨局内外部分）,皮肤(收藏),个性化-轮盘配置,个性化-轮盘配置,ComLobbySkinWeaponContent,P0,王斌,李秋,蒲诗雨,3-纯表现定制,纯适配+pc框架,无需,无需,制作完成,,,未处理,
SOC项目全量界面整理.xlsx,界面盘点,103,局外系统（含跨局内外部分）,炫彩皮肤 / (皮肤改造),皮肤改造主界面,皮肤改造主界面,UiLobbySkinModify,,王斌,李秋,李宁,1-纯适配,,,,暂不处理,,,,
SOC项目全量界面整理.xlsx,界面盘点,104,局外系统（含跨局内外部分）,炫彩皮肤 / (皮肤改造),收藏界面-已改造状态,收藏界面-已改造状态,,,王斌,李秋,李宁,1-纯适配,,,,暂不处理,,,,
SOC项目全量界面整理.xlsx,界面盘点,105,局外系统（含跨局内外部分）,兴趣部落/社群,我的部落,我的部落,RootInterestTribeMain,P0,傅柄乔,傅柄乔,李宁,2-适配优化,纯适配+pc框架,无需,无需,待处理,,,未处理,
SOC项目全量界面整理.xlsx,界面盘点,106,局外系统（含跨局内外部分）,兴趣部落/社群,推荐部落,推荐部落,RootInterestTribeMainContent,P1,傅柄乔,傅柄乔,李宁,2-适配优化,纯适配+pc框架,无需,无需,待处理,,,制作中,
SOC项目全量界面整理.xlsx,界面盘点,107,局外系统（含跨局内外部分）,兴趣部落/社群,群公告,群公告,,,傅柄乔,傅柄乔,李宁,1-纯适配,,,,暂不处理,,,,
SOC项目全量界面整理.xlsx,界面盘点,108,局外系统（含跨局内外部分）,兴趣部落/社群,社区灯牌-灯牌等级,社区灯牌-灯牌等级,,,傅柄乔,傅柄乔,李宁,1-纯适配,,,,暂不处理,,,,
SOC项目全量界面整理.xlsx,界面盘点,109,局外系统（含跨局内外部分）,兴趣部落/社群,社区灯牌-成长体系,社区灯牌-成长体系,,,傅柄乔,傅柄乔,李宁,1-纯适配,,,,暂不处理,,,,
SOC项目全量界面整理.xlsx,界面盘点,110,局外系统（含跨局内外部分）,兴趣部落/社群,查看部落弹窗,查看部落弹窗,UiTribeDetail,P1,傅柄乔,傅柄乔,李宁,1-纯适配,纯适配+pc框架,无需,无需,暂不处理,,,未处理,
SOC项目全量界面整理.xlsx,界面盘点,111,局外系统（含跨局内外部分）,兴趣部落/社群,创建部落弹窗,创建部落弹窗,UiCreateTribe,P0,傅柄乔,傅柄乔,李宁,1-纯适配,纯适配+pc框架,无需,无需,暂不处理,,,未处理,
SOC项目全量界面整理.xlsx,界面盘点,112,局外系统（含跨局内外部分）,兴趣部落/社群,批量邀请,批量邀请,UiCommonInvite,P1,傅柄乔,傅柄乔,李宁,3-纯表现定制,,,,制作完成,,,,
SOC项目全量界面整理.xlsx,界面盘点,113,局外系统（含跨局内外部分）,兴趣部落/社群,部落头像弹窗,部落头像弹窗,UiChooseTribeTag,P0,傅柄乔,傅柄乔,李宁,1-纯适配,纯适配+pc框架,无需,无需,暂不处理,,,未处理,
SOC项目全量界面整理.xlsx,界面盘点,114,局外系统（含跨局内外部分）,兴趣部落/社群,部落标签弹窗,部落标签弹窗,UiChooseTribeTag,P0,傅柄乔,傅柄乔,李宁,1-纯适配,纯适配+pc框架,无需,无需,暂不处理,,,未处理,
SOC项目全量界面整理.xlsx,界面盘点,115,局外系统（含跨局内外部分）,兴趣部落/社群,社群聊天,社群聊天,UiChatLobby(UiChat),,傅柄乔,傅柄乔,李宁,1-纯适配,,,,暂不处理,随聊天处理,,,
SOC项目全量界面整理.xlsx,界面盘点,116,局外系统（含跨局内外部分）,兴趣部落/社群,社群邀请,社群邀请,UiTribeInviteInfos,,傅柄乔,傅柄乔,李宁,1-纯适配,,,,暂不处理,,,,
SOC项目全量界面整理.xlsx,界面盘点,117,局外系统（含跨局内外部分）,兴趣部落/社群,解散社群,解散社群,UiDismissTribe,,傅柄乔,傅柄乔,李宁,1-纯适配,,,,暂不处理,,,,
SOC项目全量界面整理.xlsx,界面盘点,118,局外系统（含跨局内外部分）,兴趣部落/社群,分享社群,分享社群,UiCommonSharePop,,傅柄乔,傅柄乔,李宁,1-纯适配,,,,暂不处理,,,,
SOC项目全量界面整理.xlsx,界面盘点,119,局外系统（含跨局内外部分）,抽奖,重包装抽奖（十连抽）,重包装抽奖（十连抽）,,P0,王斌,蔡婷艳,刘敏,3-纯表现定制,,,,制作完成,,,,
SOC项目全量界面整理.xlsx,界面盘点,120,局外系统（含跨局内外部分）,抽奖,重包装抽奖恭喜获得,抽奖,重包装抽奖恭喜获得,P0,王斌,蔡婷艳,刘敏,,,,,,,,,
SOC项目全量界面整理.xlsx,界面盘点,121,局外系统（含跨局内外部分）,抽奖,不放回抽奖（普通抽奖）,不放回抽奖（普通抽奖）,不放回抽奖,P0,王斌,蔡婷艳,刘敏,,,,,,,,,
SOC项目全量界面整理.xlsx,界面盘点,122,局外系统（含跨局内外部分）,抽奖,抽奖入口集合页,抽奖入口集合页,RootMallContent_LucklyDrawPage@LobbyMall,P0,王斌,蔡婷艳,刘敏,3-纯表现定制,适配+部分定制,F,P1尽量,制作完成,,UI适配定制 / 卡片hover设计,未处理,
SOC项目全量界面整理.xlsx,界面盘点,123,局外系统（含跨局内外部分）,商城,首页,首页,UiMall@LobbyMall,P0,王斌,蔡婷艳,蒲诗雨,3-纯表现定制,适配+部分定制,F,P1尽量,制作完成,,UI适配定制 / 卡片hover设计,未处理,
SOC项目全量界面整理.xlsx,界面盘点,124,局外系统（含跨局内外部分）,商城,捆绑包集合,捆绑包集合,RootMallContent_BundlePage@LobbyMall,P0,王斌,蔡婷艳,蒲诗雨,3-纯表现定制,纯适配+pc框架,无需,无需,制作完成,,,未处理,
SOC项目全量界面整理.xlsx,界面盘点,125,局外系统（含跨局内外部分）,商城,捆绑包,捆绑包,UiMallBuy@LobbyMall,P0,王斌,蔡婷艳,蒲诗雨,3-纯表现定制,纯适配+pc框架,无需,无需,制作完成,,,未处理,
SOC项目全量界面整理.xlsx,界面盘点,126,局外系统（含跨局内外部分）,商城,预览,预览,UiCommonPreview@LobbySkin,P0,王斌,蔡婷艳,蒲诗雨,3-纯表现定制,纯适配+pc框架,无需,无需,制作完成,,,未处理,
SOC项目全量界面整理.xlsx,界面盘点,127,局外系统（含跨局内外部分）,商城,礼包售卖,礼包售卖,RootMallContent_ShopPage@LobbyMall,P0,王斌,蔡婷艳,蒲诗雨,3-纯表现定制,适配+部分定制,F,P1尽量,制作完成,,UI适配定制 / 卡片hover设计,未处理,
SOC项目全量界面整理.xlsx,界面盘点,128,局外系统（含跨局内外部分）,商城,获得新外观,获得新外观,UiObtainNewSkin,P0,王斌,蔡婷艳,蒲诗雨,3-纯表现定制,,,,制作完成,,,,
SOC项目全量界面整理.xlsx,界面盘点,129,局外系统（含跨局内外部分）,商城,购买确认弹窗,购买确认弹窗,UiMallPayConfirm,P1,王斌,蔡婷艳,蒲诗雨,3-纯表现定制,纯适配+pc框架,无需,无需,制作完成,,,未处理,
SOC项目全量界面整理.xlsx,界面盘点,130,局外系统（含跨局内外部分）,活跃（贡献点抽奖&商城）,贡献点抽奖,贡献点抽奖,,,王斌,蔡婷艳,蒲诗雨,,,,,,,,,
SOC项目全量界面整理.xlsx,界面盘点,131,局外系统（含跨局内外部分）,活跃（贡献点抽奖&商城）,贡献点商店,贡献点商店,,,王斌,蔡婷艳,蒲诗雨,,,,,,,,,
SOC项目全量界面整理.xlsx,界面盘点,132,局外系统（含跨局内外部分）,充值,充值,充值,UiLobbyTopUp@LobbyTopUp,P0,王斌,蔡婷艳,王京京,1-纯适配,,,,暂不处理,,UI适配定制 / 卡片hover设计,未处理,
SOC项目全量界面整理.xlsx,界面盘点,133,局外系统（含跨局内外部分）,充值,快速购买,快速购买,UiInsufficientTips,P0,王斌,蔡婷艳,王京京,1-纯适配,,,,暂不处理,,,未处理,
SOC项目全量界面整理.xlsx,界面盘点,134,局外系统（含跨局内外部分）,充值,货币兑换,货币兑换,UiCurrencyExchange,P0,王斌,蔡婷艳,王京京,1-纯适配,,,,暂不处理,,,未处理,
SOC项目全量界面整理.xlsx,界面盘点,135,局外系统（含跨局内外部分）,势力,势力主页,势力主页,ComForceRoot,P1,李艺,李秋,王京京,2-适配优化,适配+部分定制,F,P1尽量,制作中,,卡片hover设计 / 视差设计,随迭代处理,
SOC项目全量界面整理.xlsx,界面盘点,136,局外系统（含跨局内外部分）,势力,势力任务,势力任务,,P1,李艺,李秋,王京京,2-适配优化,纯适配+pc框架,无需,无需,制作中,,,随迭代处理,
SOC项目全量界面整理.xlsx,界面盘点,137,局外系统（含跨局内外部分）,势力,切换势力,切换势力,ComSwitchPowerRoot,P1,李艺,李秋,王京京,,,,,,,,,
SOC项目全量界面整理.xlsx,界面盘点,138,局外系统（含跨局内外部分）,势力,技巧,技巧,ComSkillContent,P1,李艺,李秋,王京京,2-适配优化,,,,暂不处理,,,,
SOC项目全量界面整理.xlsx,界面盘点,139,局外系统（含跨局内外部分）,活动中心（潘多拉）,活动,活动,,P0,孙晓娣,无,王京京,4-部分功能定制,纯适配+pc框架,无需,无需,制作中,,潘多拉处理,未处理,
SOC项目全量界面整理.xlsx,界面盘点,140,局外系统（含跨局内外部分）,活动中心（潘多拉）,公告,公告,,P1,孙晓娣,无,王京京,4-部分功能定制,纯适配+pc框架,无需,无需,制作中,,潘多拉处理,未处理,
SOC项目全量界面整理.xlsx,界面盘点,141,局外系统（含跨局内外部分）,赛季,首页,首页,UiSeasonsystem,,李艺,李秋,王京京,2-适配优化,纯适配+pc框架,,,制作完成,未作悬浮态（20251112）,,,
SOC项目全量界面整理.xlsx,界面盘点,142,局外系统（含跨局内外部分）,赛季,勋章,勋章,,,李艺,李秋,王京京,2-适配优化,纯适配+pc框架,,,制作完成,,,,
SOC项目全量界面整理.xlsx,界面盘点,143,局外系统（含跨局内外部分）,赛季,勋章详情,勋章详情,UiSeasonMedalinterface,,李艺,李秋,王京京,,,,,,,,,
SOC项目全量界面整理.xlsx,界面盘点,144,局外系统（含跨局内外部分）,赛季,勋章详情-二级信息,勋章详情-二级信息,UiSeasonMedalinterface,,李艺,李秋,王京京,,,,,,,,,
SOC项目全量界面整理.xlsx,界面盘点,145,局外系统（含跨局内外部分）,赛季,段位奖励,段位奖励,UiSeasonsystemReward,,李艺,李秋,王京京,2-适配优化,纯适配+pc框架,,,制作完成,,,,
SOC项目全量界面整理.xlsx,界面盘点,146,局外系统（含跨局内外部分）,赛季,勋章奖励,勋章奖励,UiSeasonsystemMedalReward,,李艺,李秋,李宁,1-纯适配,纯适配+pc框架,,,暂不处理,,,,
SOC项目全量界面整理.xlsx,界面盘点,147,局外系统（含跨局内外部分）,赛季,段位说明,段位说明,UiSeasonsystemPointsExplanation,,李艺,李秋,李宁,1-纯适配,纯适配+pc框架,,,暂不处理,,,,
SOC项目全量界面整理.xlsx,界面盘点,148,局外系统（含跨局内外部分）,赛季,段位构成/积分说明,段位构成/积分说明,,,李艺,李秋,李宁,1-纯适配,纯适配+pc框架,,,暂不处理,,,,
SOC项目全量界面整理.xlsx,界面盘点,149,局外系统（含跨局内外部分）,赛季,赛季图标在背包,赛季图标在背包,,,李艺,李秋,李宁,1-纯适配,纯适配+pc框架,,,暂不处理,,,,
SOC项目全量界面整理.xlsx,界面盘点,150,局外系统（含跨局内外部分）,赛季,赛季结束倒计时提示,赛季结束倒计时提示,,,李艺,李秋,李宁,,,,,,,,,
SOC项目全量界面整理.xlsx,界面盘点,151,局外系统（含跨局内外部分）,赛季,赛季排行榜,赛季排行榜,,,李艺,李秋,李宁,2-适配优化,纯适配+pc框架,,,待处理,,,,
SOC项目全量界面整理.xlsx,界面盘点,152,局外系统（含跨局内外部分）,成长之路,首页,首页,,,李艺,李秋,王京京,2-适配优化,纯适配+pc框架,,,制作中,,,,
SOC项目全量界面整理.xlsx,界面盘点,153,局外系统（含跨局内外部分）,成长之路,升级,升级,,,李艺,李秋,王京京,2-适配优化,纯适配+pc框架,,,制作中,,,,
SOC项目全量界面整理.xlsx,界面盘点,154,局外系统（含跨局内外部分）,成长之路,势力技巧,势力技巧,,,李艺,李秋,王京京,2-适配优化,纯适配+pc框架,,,制作中,,,,
SOC项目全量界面整理.xlsx,界面盘点,155,局外系统（含跨局内外部分）,成长之路,技巧奖励,技巧奖励,,,李艺,李秋,王京京,1-纯适配,纯适配+pc框架,,,暂不处理,,,,
SOC项目全量界面整理.xlsx,界面盘点,156,局外系统（含跨局内外部分）,公会,地图,地图,,,傅柄乔,熊峰,蒲诗雨,3-纯表现定制,GUI表现定制,,,制作中,未作悬浮态（20251112）,,,
SOC项目全量界面整理.xlsx,界面盘点,157,局外系统（含跨局内外部分）,公会,推荐公会,推荐公会,,,傅柄乔,熊峰,蒲诗雨,2-适配优化,纯适配+pc框架,,,制作完成,,,,
SOC项目全量界面整理.xlsx,界面盘点,158,局外系统（含跨局内外部分）,公会,公会头像修改,公会头像修改,,,傅柄乔,熊峰,蒲诗雨,1-纯适配,纯适配+pc框架,,,暂不处理,,,,
SOC项目全量界面整理.xlsx,界面盘点,159,局外系统（含跨局内外部分）,公会,创建公会,创建公会,,,傅柄乔,熊峰,蒲诗雨,1-纯适配,纯适配+pc框架,,,暂不处理,,,,
SOC项目全量界面整理.xlsx,界面盘点,160,局外系统（含跨局内外部分）,公会,公会申请,公会申请,,,傅柄乔,熊峰,蒲诗雨,,,,,,,,,
SOC项目全量界面整理.xlsx,界面盘点,161,局外系统（含跨局内外部分）,公会,工会邀请,工会邀请,,,傅柄乔,熊峰,蒲诗雨,1-纯适配,纯适配+pc框架,,,暂不处理,,,,
SOC项目全量界面整理.xlsx,界面盘点,162,局外系统（含跨局内外部分）,公会,工会主页,工会主页,,,傅柄乔,熊峰,蒲诗雨,2-适配优化,纯适配+pc框架,,,制作完成,,,,
SOC项目全量界面整理.xlsx,界面盘点,163,局外系统（含跨局内外部分）,公会,工会排行榜,工会排行榜,,,傅柄乔,熊峰,蒲诗雨,2-适配优化,纯适配+pc框架,,,制作完成,,,,
SOC项目全量界面整理.xlsx,界面盘点,164,局外系统（含跨局内外部分）,公会,工会日志,工会日志,,,傅柄乔,熊峰,蒲诗雨,1-纯适配,纯适配+pc框架,,,暂不处理,,,,
SOC项目全量界面整理.xlsx,界面盘点,165,局外系统（含跨局内外部分）,公会,工会设置,工会设置,,,傅柄乔,熊峰,蒲诗雨,2-适配优化,纯适配+pc框架,,,制作完成,,,,
SOC项目全量界面整理.xlsx,界面盘点,166,局外系统（含跨局内外部分）,公会,公会成员,公会成员,,,傅柄乔,熊峰,蒲诗雨,2-适配优化,,,,制作完成,,,,
SOC项目全量界面整理.xlsx,界面盘点,167,局外系统（含跨局内外部分）,公会,工会奖励,工会奖励,,,傅柄乔,熊峰,蒲诗雨,2-适配优化,纯适配+pc框架,,,制作完成,,,,
SOC项目全量界面整理.xlsx,界面盘点,168,局外系统（含跨局内外部分）,通行证,通行证,通行证,UiBattlePass,P0,王斌,谢爱萍,蒲诗雨,3-纯表现定制,,,,制作完成,,,,
SOC项目全量界面整理.xlsx,界面盘点,169,局外系统（含跨局内外部分）,通行证,购买通行证,购买通行证,UiBattlePassPay,P0,王斌,谢爱萍,彭歆妍,2-适配优化,,,,待处理,,,,
SOC项目全量界面整理.xlsx,界面盘点,170,局外系统（含跨局内外部分）,通行证,全部奖励预览,全部奖励预览,UiBattlePassPreview,P0,王斌,谢爱萍,蒲诗雨,3-纯表现定制,,,,制作完成,,,,
SOC项目全量界面整理.xlsx,界面盘点,171,局外系统（含跨局内外部分）,通行证,解锁通行证提示,解锁通行证提示,,P0,王斌,谢爱萍,蒲诗雨,,,,,,,,,
SOC项目全量界面整理.xlsx,界面盘点,172,局外系统（含跨局内外部分）,通行证,升级提示,升级提示,,P0,王斌,谢爱萍,蒲诗雨,,,,,,,,,
SOC项目全量界面整理.xlsx,界面盘点,173,局外系统（含跨局内外部分）,通行证,购买等级直升,购买等级直升,UiMsgBox,P0,王斌,谢爱萍,蒲诗雨,1-纯适配,,,,暂不处理,,,,
SOC项目全量界面整理.xlsx,界面盘点,174,局外系统（含跨局内外部分）,通行证,赠送通行证,赠送通行证,,P1,余子文,杨帅帅,蒲诗雨,,,,,,,,,
SOC项目全量界面整理.xlsx,界面盘点,175,局外系统（含跨局内外部分）,通行证,赠送代币商品,赠送代币商品,,,孙晓娣,,,,,,,,,,,
SOC项目全量界面整理.xlsx,界面盘点,179,局外系统（含跨局内外部分）,通行证,领地蓝图,领地蓝图,UiLobbyCustomBlueprint,P2,余子文,李秋,王京京,2-适配优化,,,,制作完成,未作悬浮态（20251112）,中低优先级GUI迭代,,
SOC项目全量界面整理.xlsx,界面盘点,180,局外系统（含跨局内外部分）,KOL服,玩家管理首页,玩家管理首页,,,傅柄乔,熊峰,冯健恒,2-适配优化,,,,制作中,,,,
SOC项目全量界面整理.xlsx,界面盘点,181,局外系统（含跨局内外部分）,KOL服,确认消耗弹窗,确认消耗弹窗,,,傅柄乔,熊峰,冯健恒,1-纯适配,,,,暂不处理,,,,
SOC项目全量界面整理.xlsx,界面盘点,182,局外系统（含跨局内外部分）,KOL服,移除管理员,移除管理员,,,傅柄乔,熊峰,冯健恒,1-纯适配,,,,暂不处理,,,,
SOC项目全量界面整理.xlsx,界面盘点,183,局外系统（含跨局内外部分）,KOL服,玩家管理,玩家管理,,,傅柄乔,熊峰,冯健恒,2-适配优化,,,,制作中,,,,
SOC项目全量界面整理.xlsx,界面盘点,184,局外系统（含跨局内外部分）,KOL服,复制邀请码,复制邀请码,,,傅柄乔,熊峰,冯健恒,1-纯适配,,,,暂不处理,,,,
SOC项目全量界面整理.xlsx,界面盘点,185,局外系统（含跨局内外部分）,KOL服,生成邀请码弹窗,生成邀请码弹窗,,,傅柄乔,熊峰,冯健恒,1-纯适配,,,,暂不处理,,,,
SOC项目全量界面整理.xlsx,界面盘点,186,局外系统（含跨局内外部分）,KOL服,生成邀请码,生成邀请码,,,傅柄乔,熊峰,冯健恒,1-纯适配,,,,暂不处理,,,,
SOC项目全量界面整理.xlsx,界面盘点,187,局外系统（含跨局内外部分）,KOL服,邀请码,邀请码,,,傅柄乔,熊峰,冯健恒,1-纯适配,,,,暂不处理,,,,
SOC项目全量界面整理.xlsx,界面盘点,188,局外系统（含跨局内外部分）,特权,双平台能力特权入口,双平台能力特权入口,,,傅柄乔,蔡婷艳,李宁,1-纯适配,,,,暂不处理,,,,
SOC项目全量界面整理.xlsx,界面盘点,189,局外系统（含跨局内外部分）,特权,QQ游戏中心,QQ游戏中心,,,傅柄乔,蔡婷艳,李宁,1-纯适配,,,,暂不处理,,,,
SOC项目全量界面整理.xlsx,界面盘点,190,局外系统（含跨局内外部分）,特权,微信游戏中心,微信游戏中心,,,傅柄乔,蔡婷艳,李宁,1-纯适配,,,,暂不处理,,,,
SOC项目全量界面整理.xlsx,界面盘点,191,局外系统（含跨局内外部分）,特权,高校特权,高校特权,,,傅柄乔,蔡婷艳,李宁,1-纯适配,,,,暂不处理,,,,
SOC项目全量界面整理.xlsx,界面盘点,192,局外系统（含跨局内外部分）,适龄提示,适龄提示,适龄提示,ComTextScroll,,,,,,,,,,,,,
SOC项目全量界面整理.xlsx,界面盘点,194,局内-主HUD,主界面hud,基础3C,基础3C,UiHudElem@GameHud,P0,石凤姣,蔡婷艳,冯健恒,6-完全定制,定制,无需,无需,制作完成,,,随迭代处理,
SOC项目全量界面整理.xlsx,界面盘点,195,局内-主HUD,主界面hud,触发式按钮,触发式按钮,ElemQuickActionBubble@GameHud,,石凤姣,蔡婷艳,冯健恒,6-完全定制,定制,E,P0必改,制作完成,,B2上已完成框架 / B2下调整优化： / 1、PC定制屏幕中间的触发组 / （加支持配置出场特效）,随迭代处理,
SOC项目全量界面整理.xlsx,界面盘点,196,局内-主HUD,主界面hud,交互/拾取列表,交互/拾取列表,ElemInteractiveList@GameHud,P0,石凤姣,蔡婷艳,冯健恒,6-完全定制,适配+部分定制,E,P0必改,制作完成,,B2上已完成框架 / B2下调整优化： / 1、布局优化增加行数 / 2、快捷键优化,随迭代处理,
SOC项目全量界面整理.xlsx,界面盘点,197,局内-主HUD,主界面hud,换弹/标记轮盘,换弹/标记轮盘,ComRoulette@CommonGlobal,P0,石凤姣,蔡婷艳,冯健恒,6-完全定制,适配+部分定制,E,P0必改,制作完成,,PC触发逻辑 / 优化手感 / 绑定鼠标交互,未处理,
SOC项目全量界面整理.xlsx,界面盘点,198,局内-主HUD,主界面hud,动作轮盘,动作轮盘,UiRoulette,P0,石凤姣,蔡婷艳,冯健恒,6-完全定制,适配+部分定制,F,P0必改,制作完成,,绑定快捷键,未处理,
SOC项目全量界面整理.xlsx,界面盘点,199,局内-主HUD,主界面hud,道具快捷栏切换,道具快捷栏切换,ElemShortcutsNew@GameHud,,石凤姣,蔡婷艳,冯健恒,6-完全定制,适配+部分定制,F,P0必改,制作完成,,跟鼠标呼出合并一个快捷键,随迭代处理,
SOC项目全量界面整理.xlsx,界面盘点,200,局内-主HUD,主界面hud,武器切换,武器切换,ElemWeapons@GameHud,,石凤姣,蔡婷艳,冯健恒,6-完全定制,定制,E,P0必改,制作完成,,改到下面统一快捷栏,随迭代处理,
SOC项目全量界面整理.xlsx,界面盘点,201,局内-主HUD,主界面hud,游泳,游泳,ElemUp@GameHud / ElemDown@GameHud,P1,石凤姣,蔡婷艳,冯健恒,6-完全定制,定制,无需,无需,制作完成,,,随迭代处理,
SOC项目全量界面整理.xlsx,界面盘点,202,局内-主HUD,主界面hud,建筑维修,建筑维修,UiHudMain,,石凤姣,蔡婷艳,冯健恒,,,,,,,,,
SOC项目全量界面整理.xlsx,界面盘点,203,局内-主HUD,主界面hud,载具维修,载具维修,UiHudMain,,石凤姣,蔡婷艳,冯健恒,,,,,,,,,
SOC项目全量界面整理.xlsx,界面盘点,204,局内-主HUD,主界面hud,网络/电量状态,网络/电量状态,,,石凤姣,蔡婷艳,冯健恒,,,,,,,,,
SOC项目全量界面整理.xlsx,界面盘点,205,局内-主HUD,提示系统,hud血条,hud血条,UiHudMain,,徐博,谢爱萍,冯健恒,1-纯适配,纯适配+pc框架,无需,无需,1-纯适配,,,随迭代处理,
SOC项目全量界面整理.xlsx,界面盘点,206,局内-主HUD,提示系统,物品血条&信息,物品血条&信息,UiFocusInfo,,徐博,谢爱萍,冯健恒,1-纯适配,纯适配+pc框架,无需,无需,1-纯适配,,,,
SOC项目全量界面整理.xlsx,界面盘点,207,局内-主HUD,提示系统,模型血条&跳字,模型血条&跳字,UiFocusInfo,,徐博,谢爱萍,冯健恒,1-纯适配,纯适配+pc框架,无需,无需,1-纯适配,,,随迭代处理,
SOC项目全量界面整理.xlsx,界面盘点,208,局内-主HUD,提示系统,持续性提示,持续性提示,ComOngoingTip / UiSleep,P1,徐博,谢爱萍,冯健恒,2-适配优化,纯适配+pc框架,无需,无需,待处理,,,未处理,
SOC项目全量界面整理.xlsx,界面盘点,209,局内-主HUD,提示系统,通用文本提示,通用文本提示,UiRealtimeNormalTip,P1,徐博,谢爱萍,冯健恒,2-适配优化,纯适配+pc框架,无需,无需,待处理,,,未处理,
SOC项目全量界面整理.xlsx,界面盘点,210,局内-主HUD,提示系统,跑马灯,跑马灯,UiShortContactTip,P1,徐博,谢爱萍,冯健恒,2-适配优化,纯适配+pc框架,无需,无需,待处理,,,未处理,
SOC项目全量界面整理.xlsx,界面盘点,211,局内-主HUD,提示系统,爆炸物提示,爆炸物提示,UiThrownTips,P1,徐博,谢爱萍,冯健恒,2-适配优化,纯适配+pc框架,无需,无需,待处理,,,未处理,
SOC项目全量界面整理.xlsx,界面盘点,212,局内-主HUD,提示系统,短触发目标提示,短触发目标提示,,P1,徐博,谢爱萍,冯健恒,3-纯表现定制,纯适配+pc框架,无需,无需,制作完成,视觉迭代,,未处理,
SOC项目全量界面整理.xlsx,界面盘点,213,局内-主HUD,提示系统,通用读条,通用读条,HudCountDown@GameHud,,徐博,谢爱萍,冯健恒,4-部分功能定制,定制,E,P0必改,制作完成,,轻量化设计,未处理,
SOC项目全量界面整理.xlsx,界面盘点,214,局内-主HUD,提示系统,战斗弱提示,战斗弱提示,UiBattleTip@GameBattleTip,P1,徐博,谢爱萍,冯健恒,2-适配优化,纯适配+pc框架,无需,无需,待处理,,,未处理,
SOC项目全量界面整理.xlsx,界面盘点,215,局内-主HUD,提示系统,剧情对话,剧情对话,,P1,徐博,谢爱萍,冯健恒,2-适配优化,纯适配+pc框架,无需,无需,待处理,,,未处理,
SOC项目全量界面整理.xlsx,界面盘点,216,局内-主HUD,提示系统,确认侧弹窗,确认侧弹窗,ElemPopTip@CommonTip,P1,徐博,谢爱萍,冯健恒,2-适配优化,适配+部分定制,F,P0必改,待处理,,快捷键映射,未处理,
SOC项目全量界面整理.xlsx,界面盘点,217,局内-主HUD,提示系统,提醒侧弹窗,提醒侧弹窗,UiLeftInfoTip,P1,徐博,谢爱萍,冯健恒,2-适配优化,适配+部分定制,F,P0必改,待处理,,快捷键映射,未处理,
SOC项目全量界面整理.xlsx,界面盘点,218,局内-主HUD,提示系统,物品获得提示,物品获得提示,,P1,徐博,谢爱萍,冯健恒,2-适配优化,适配+部分定制,F,P0必改,待处理,,UI适配,未处理,
SOC项目全量界面整理.xlsx,界面盘点,219,局内-主HUD,提示系统,首次使用物品信息,首次使用物品信息,uIWorldFlag,P1,徐博,谢爱萍,冯健恒,2-适配优化,,,,待处理,,,,
SOC项目全量界面整理.xlsx,界面盘点,220,局内-主HUD,悬浮标识,标识组件,标识组件,,,李艺,谢爱萍,冯健恒,1-纯适配,,,,暂不处理,,双端悬浮标识轨道定制,随迭代处理,
SOC项目全量界面整理.xlsx,界面盘点,221,局内-主HUD,悬浮标识,任务/路点标识（任务等）,任务/路点标识（任务等）,,,李艺,谢爱萍,冯健恒,1-纯适配,,,,暂不处理,,,随迭代处理,
SOC项目全量界面整理.xlsx,界面盘点,222,局内-主HUD,悬浮标识,队友标记,队友标记,,,李艺,谢爱萍,冯健恒,1-纯适配,,,,暂不处理,,,随迭代处理,
SOC项目全量界面整理.xlsx,界面盘点,223,局内-主HUD,悬浮标识,敌方方位,敌方方位,,,李艺,谢爱萍,冯健恒,1-纯适配,,,,暂不处理,,,,
SOC项目全量界面整理.xlsx,界面盘点,224,局内-主HUD,悬浮标识,声纹,声纹,UiSoundPrint,,李艺,谢爱萍,冯健恒,1-纯适配,,,,暂不处理,,,,
SOC项目全量界面整理.xlsx,界面盘点,225,局内-主HUD,悬浮标识,受击提示,受击提示,UiDamageDcreenEffect,,李艺,谢爱萍,冯健恒,1-纯适配,,,,暂不处理,,,随迭代处理,
SOC项目全量界面整理.xlsx,界面盘点,226,局内-主HUD,悬浮标识,座舱提示,座舱提示,,,李艺,谢爱萍,冯健恒,1-纯适配,,,,暂不处理,,,随迭代处理,
SOC项目全量界面整理.xlsx,界面盘点,227,局内-主HUD,悬浮标识,地图标记,地图标记,,,李艺,谢爱萍,冯健恒,1-纯适配,,,,暂不处理,,,随迭代处理,
SOC项目全量界面整理.xlsx,界面盘点,228,局内-主HUD,使用道具,毒刺导弹,毒刺导弹,,P1,徐博,蔡婷艳,刘敏,1-纯适配,,,,暂不处理,,开火接触发提示,随迭代处理,
SOC项目全量界面整理.xlsx,界面盘点,229,局内-主HUD,使用道具,射频发射器,射频发射器,,P1,徐博,蔡婷艳,刘敏,2-适配优化,,,,待处理,,,未处理,
SOC项目全量界面整理.xlsx,界面盘点,230,局内-主HUD,使用道具,望远镜,望远镜,,P1,徐博,蔡婷艳,刘敏,1-纯适配,,,,暂不处理,,,未处理,
SOC项目全量界面整理.xlsx,界面盘点,231,局内-主HUD,使用道具,重型头盔,重型头盔,,P3,徐博,蔡婷艳,刘敏,1-纯适配,,,,暂不处理,,,未处理,
SOC项目全量界面整理.xlsx,界面盘点,232,局内-主HUD,使用道具,潜水面镜,潜水面镜,,P3,徐博,蔡婷艳,刘敏,1-纯适配,,,,暂不处理,,,未处理,
SOC项目全量界面整理.xlsx,界面盘点,233,局内-主HUD,使用道具,夜视仪,夜视仪,,P3,徐博,蔡婷艳,刘敏,1-纯适配,,,,暂不处理,,,未处理,
SOC项目全量界面整理.xlsx,界面盘点,234,局内-主HUD,载具hud,马,马,UIHudMain,P0,余子文,蔡婷艳,冯健恒,4-部分功能定制,,,,制作完成,,,随迭代处理,
SOC项目全量界面整理.xlsx,界面盘点,235,局内-主HUD,载具hud,车/快艇,车/快艇,UIHudMain,P0,余子文,蔡婷艳,冯健恒,4-部分功能定制,,,,制作完成,,,随迭代处理,
SOC项目全量界面整理.xlsx,界面盘点,236,局内-主HUD,载具hud,飞机,飞机,UIHudMain,P0,余子文,蔡婷艳,冯健恒,4-部分功能定制,,,,制作完成,,,随迭代处理,
SOC项目全量界面整理.xlsx,界面盘点,237,局内-主HUD,载具hud,火车,火车,UIHudMain,P2,余子文,蔡婷艳,冯健恒,2-适配优化,,,,待处理,调整GUI,UI适配 / 转弯QTE提示 / （考虑直接接PC触发式按钮）,待定,
SOC项目全量界面整理.xlsx,界面盘点,238,局内-主HUD,载具hud,直升机,直升机,UiVehicleInfo,P0,余子文,蔡婷艳,冯健恒,2-适配优化,,,,,,,,
SOC项目全量界面整理.xlsx,界面盘点,239,局内-主HUD,载具hud,降落伞,降落伞,UIHudMain,P0,余子文,蔡婷艳,冯健恒,2-适配优化,,,,,,,,
SOC项目全量界面整理.xlsx,界面盘点,240,局内-主HUD,建造,建造模式,建造模式,,P0,王斌,李秋,冯健恒,6-完全定制,,,,制作完成,,定制布局+按键交互,未处理,
SOC项目全量界面整理.xlsx,界面盘点,241,局内-主HUD,建造,建筑升级&改造,建筑升级&改造,,P1,王斌,李秋,冯健恒,6-完全定制,纯适配+pc框架,无需,无需,制作完成,,,未处理,
SOC项目全量界面整理.xlsx,界面盘点,242,局内-主HUD,建造,电力模式,电力模式,,P0,王斌,李秋,冯健恒,6-完全定制,定制,D,P0必改,制作完成,,定制布局+按键交互,未处理,
SOC项目全量界面整理.xlsx,界面盘点,243,局内-主HUD,建造,电力-接线,电力-接线,,P0,王斌,李秋,冯健恒,6-完全定制,纯适配+pc框架,无需,无需,制作完成,,电力模式整体一起处理交互,未处理,
SOC项目全量界面整理.xlsx,界面盘点,244,局内-主HUD,建造,电力-接线中,电力-接线中,,P0,王斌,李秋,冯健恒,6-完全定制,纯适配+pc框架,无需,无需,制作完成,,电力模式整体一起处理交互,未处理,
SOC项目全量界面整理.xlsx,界面盘点,245,局内-主HUD,建造,电力-电线换色,电力-电线换色,,,王斌,李秋,冯健恒,6-完全定制,纯适配+pc框架,无需,无需,制作完成,,电力模式整体一起处理交互,未处理,
SOC项目全量界面整理.xlsx,界面盘点,246,局内-主HUD,建造,蓝图模式,蓝图模式,,P0,王斌,李秋,冯健恒,6-完全定制,定制,待定,待定,制作完成,,B2下右内容新增，先待定,随迭代处理,
SOC项目全量界面整理.xlsx,界面盘点,247,局内-主HUD,建造,轮盘模式,轮盘模式,,P0,王斌,李秋,冯健恒,6-完全定制,定制,,,,,,,
SOC项目全量界面整理.xlsx,界面盘点,249,局内-系统,新手阶段,新手服,新手服,,,李艺,李秋,彭歆妍,1-纯适配,,,,暂不处理,,,,
SOC项目全量界面整理.xlsx,界面盘点,253,局内-系统,剧本书,求生指南,求生指南,UiMissionBook,,李艺,蔡婷艳,彭歆妍,,,,,,,,,
SOC项目全量界面整理.xlsx,界面盘点,254,局内-系统,剧本书,生存进阶,生存进阶,,,李艺,蔡婷艳,彭歆妍,,,,,,,,,
SOC项目全量界面整理.xlsx,界面盘点,255,局内-系统,剧本书,势力特训,势力特训,,,李艺,蔡婷艳,彭歆妍,,,,,,,,,
SOC项目全量界面整理.xlsx,界面盘点,256,局内-系统,剧本书,剧本介绍,剧本介绍,,,李艺,蔡婷艳,彭歆妍,,,,,,,,,
SOC项目全量界面整理.xlsx,界面盘点,257,局内-系统,新手自评,选择经历,选择经历,UiAssessment,,,熊峰,王京京,1-纯适配,纯适配+pc框架,,,,,,,
SOC项目全量界面整理.xlsx,界面盘点,258,局内-系统,新手自评,选择经历,选择经历,,,,熊峰,王京京,1-纯适配,纯适配+pc框架,,,,,,,
SOC项目全量界面整理.xlsx,界面盘点,259,局内-系统,新手自评,完成初阶训练,完成初阶训练,,,,熊峰,王京京,1-纯适配,纯适配+pc框架,,,,,,,
SOC项目全量界面整理.xlsx,界面盘点,260,局内-系统,新手关,新手引导,新手引导,,,徐博,李秋,李萨,1-纯适配,,,,暂不处理,,,,
SOC项目全量界面整理.xlsx,界面盘点,261,局内-系统,新手关,新手QTE,新手QTE,,,徐博,李秋,李萨,1-纯适配,,,,暂不处理,,,,
SOC项目全量界面整理.xlsx,界面盘点,262,局内-系统,新手关,新手关定制UI：滑屏、遥控器等（去除引导部分）,新手关定制UI：滑屏、遥控器等（去除引导部分）,,P0,徐博,李秋,李萨,4-部分功能定制,定制,D,P0必改,待处理,,定制交互形式,随迭代处理,
SOC项目全量界面整理.xlsx,界面盘点,263,局内-系统,新手关,新手排队,新手排队,,,徐博,李秋,李萨,,,,,,,,,
SOC项目全量界面整理.xlsx,界面盘点,264,局内-系统,loading图,loading图,loading图,UiLoading,,,谢爱萍,蒲诗雨,1-纯适配,,,,暂不处理,中低优先级GUI迭代,可能有PC单独再定制的操作文本提示，但是这个随需求处理,随迭代处理,
SOC项目全量界面整理.xlsx,界面盘点,265,局内-系统,中控台,中控台,中控台,UiCenterConsole,P0,余子文,谢爱萍,刘敏,3-纯表现定制,纯适配+pc框架,E,P1尽量,制作完成,调整GUI / 保底适配优化,UI适配定制 / hover表现,未处理,
SOC项目全量界面整理.xlsx,界面盘点,266,局内-系统,地图,主地图,主地图,UiMainMap,,李艺,熊峰,李宁,4-部分功能定制,适配+部分定制,无需,无需,制作中,（20251112未加悬浮态）,,未处理,
SOC项目全量界面整理.xlsx,界面盘点,267,局内-系统,地图,物资箱,物资箱,,,李艺,熊峰,李宁,,,,,,,,,
SOC项目全量界面整理.xlsx,界面盘点,268,局内-系统,地图,地图二级弹窗-商店,地图二级弹窗-商店,UiMainMap / SidePanel,,李艺,熊峰,李宁,4-部分功能定制,纯适配+pc框架,无需,无需,制作中,,,未处理,
SOC项目全量界面整理.xlsx,界面盘点,269,局内-系统,地图,地图二级弹窗-据点,地图二级弹窗-据点,UiMainMap / SidePanel,,李艺,熊峰,李宁,4-部分功能定制,纯适配+pc框架,无需,无需,制作中,,,随迭代处理,
SOC项目全量界面整理.xlsx,界面盘点,270,局内-系统,地图,地图标记,地图标记,,,李艺,熊峰,李宁,4-部分功能定制,适配+部分定制,D,P1尽量,制作中,,PC定制标记快捷键交互,随迭代处理,
SOC项目全量界面整理.xlsx,界面盘点,271,局内-系统,任务,任务追踪,任务追踪,UiLeftPopUp,P1,李艺,熊峰,李宁,3-纯表现定制,纯适配+pc框架,无需,无需,制作完成,,,未处理,
SOC项目全量界面整理.xlsx,界面盘点,272,局内-系统,任务,夺宝行动,夺宝行动,UiActionExpansion,P1,李艺,熊峰,彭歆妍,2-适配优化,纯适配+pc框架,无需,无需,待处理,,,制作中,
SOC项目全量界面整理.xlsx,界面盘点,273,局内-系统,任务,蜂鸣行动-主页,蜂鸣行动-主页,UiActionExpansion,P1,李艺,熊峰,彭歆妍,2-适配优化,纯适配+pc框架,无需,无需,待处理,,,制作中,
SOC项目全量界面整理.xlsx,界面盘点,274,局内-系统,任务,蜂鸣行动-口令兑换,蜂鸣行动-口令兑换,ComModal_FullScreenBelt-shape / UiBuzzOperationExchange,P1,李艺,熊峰,彭歆妍,2-适配优化,纯适配+pc框架,无需,无需,待处理,,,制作中,
SOC项目全量界面整理.xlsx,界面盘点,275,局内-系统,任务,蜂鸣行动-风险记录,蜂鸣行动-风险记录,UiMsgBox,P1,李艺,熊峰,彭歆妍,1-纯适配,纯适配+pc框架,无需,无需,暂不处理,,,未处理,
SOC项目全量界面整理.xlsx,界面盘点,276,局内-系统,任务,每日简报,每日简报,UiActionExpansion,P1,李艺,熊峰,彭歆妍,2-适配优化,纯适配+pc框架,无需,无需,待处理,,,随迭代处理,
SOC项目全量界面整理.xlsx,界面盘点,277,局内-系统,背包,背包,背包,UiInventory,P0,余子文,蔡婷艳,蒲诗雨,6-完全定制,适配+部分定制,D,P1尽量,制作完成,,UI适配 / 绑定快捷键 / hover出tips / 快速物品编辑（ctrl拆分、右键拆分等） / 快速丢弃（按住ALT） / 右键编辑菜单 / 批量丢弃支持拖拽选择,制作中,
SOC项目全量界面整理.xlsx,界面盘点,278,局内-系统,背包,状态,状态,UiPlayerViewer,P2,余子文,蔡婷艳,蒲诗雨,2-适配优化,纯适配+pc框架,无需,无需,制作完成,,,未处理,
SOC项目全量界面整理.xlsx,界面盘点,279,局内-系统,制造,制造主页,制造主页,UiMallBuy(UiMallBuy),P1,余子文,李秋,蒲诗雨,2-适配优化,纯适配+pc框架,无需,无需,制作完成,（20251112未加悬浮态）,随迭代，双端调整UI适配 / 包含获取途径界面,随迭代处理,
SOC项目全量界面整理.xlsx,界面盘点,280,局内-系统,制造,快速制作,快速制作,UiCraftCollectPopup,P1,余子文,李秋,蒲诗雨,2-适配优化,纯适配+pc框架,无需,无需,制作完成,,随制作迭代整体一起处理交互,随迭代处理,
SOC项目全量界面整理.xlsx,界面盘点,281,局内-系统,制造,科技等级说明,科技等级说明,UiCraftTechLevelPopup,P1,余子文,李秋,蒲诗雨,2-适配优化,纯适配+pc框架,无需,无需,制作完成,,随制作迭代整体一起处理交互,随迭代处理,
SOC项目全量界面整理.xlsx,界面盘点,282,局内-系统,道具详情,道具详情-制作,道具详情-制作,UiItemDetail,P1,王斌,谢爱萍,李萨,2-适配优化,纯适配+pc框架,无需,无需,制作完成,,随制作迭代整体一起处理交互,未处理,
SOC项目全量界面整理.xlsx,界面盘点,283,局内-系统,道具详情,道具详情-分解,道具详情-分解,UiItemDetail,P1,王斌,谢爱萍,李萨,2-适配优化,纯适配+pc框架,无需,无需,制作完成,,随制作迭代整体一起处理交互,未处理,
SOC项目全量界面整理.xlsx,界面盘点,284,局内-系统,情报,战局奖励,战局奖励,UiReputationReward,P1,李艺,熊峰,彭歆妍,2-适配优化,纯适配+pc框架,无需,无需,待处理,,,未处理,
SOC项目全量界面整理.xlsx,界面盘点,285,局内-系统,情报,账号奖励,账号奖励,UiReputationReward,P1,李艺,熊峰,彭歆妍,2-适配优化,纯适配+pc框架,无需,无需,待处理,,,未处理,
SOC项目全量界面整理.xlsx,界面盘点,286,局内-系统,情报,选择奖励,选择奖励,UiRewardChoose,P1,李艺,熊峰,彭歆妍,2-适配优化,纯适配+pc框架,无需,无需,待处理,,,无需处理,
SOC项目全量界面整理.xlsx,界面盘点,287,局内-系统,情报,情报徽章,情报徽章,UiReputationBadge,P1,李艺,熊峰,彭歆妍,2-适配优化,纯适配+pc框架,无需,无需,待处理,,,未处理,
SOC项目全量界面整理.xlsx,界面盘点,288,局内-系统,剧本/阶段,剧本,剧本,UiStory,P1,余子文,熊峰,彭歆妍,3-纯表现定制,纯适配+pc框架,无需,无需,制作完成,,,未处理,
SOC项目全量界面整理.xlsx,界面盘点,289,局内-系统,剧本/阶段,世界情报等级,世界情报等级,UiStory,P1,余子文,熊峰,彭歆妍,3-纯表现定制,纯适配+pc框架,无需,无需,制作完成,,,未处理,
SOC项目全量界面整理.xlsx,界面盘点,290,局内-系统,科技,科技主页,科技主页,UiTechTree@GameTechTree,P1,徐博,蔡婷艳,蒲诗雨,3-纯表现定制,纯适配+pc框架,无需,无需,制作中,待定是否走待功能调整的表现定制,（20251118未加悬浮态）,未处理,
SOC项目全量界面整理.xlsx,界面盘点,291,局内-系统,科技,组合科技,组合科技,UiTechTree@GameTechTree,P1,徐博,蔡婷艳,蒲诗雨,3-纯表现定制,纯适配+pc框架,无需,无需,制作中,待定是否走待功能调整的表现定制,,未处理,
SOC项目全量界面整理.xlsx,界面盘点,292,局内-系统,科技,共享科技弹窗,共享科技弹窗,UiTeammateUnlockPopup@GameTechTree,P1,徐博,蔡婷艳,蒲诗雨,3-纯表现定制,纯适配+pc框架,无需,无需,制作中,待定是否走待功能调整的表现定制,,未处理,
SOC项目全量界面整理.xlsx,界面盘点,293,局内-系统,死亡流程,倒地,倒地,UiDying,,李艺,李秋,王京京,4-部分功能定制,适配+部分定制,F,P0必改,制作完成,（20251118未加悬浮态）,绑定快捷键,随迭代处理,
SOC项目全量界面整理.xlsx,界面盘点,294,局内-系统,死亡流程,放弃确认,放弃确认,UiMsgBox,,李艺,李秋,王京京,1-纯适配,,,,1-纯适配,,,,
SOC项目全量界面整理.xlsx,界面盘点,295,局内-系统,死亡流程,死亡表现,死亡表现,,,李艺,李秋,王京京,4-部分功能定制,纯适配+pc框架,无需,无需,制作完成,,,无需处理,
SOC项目全量界面整理.xlsx,界面盘点,296,局内-系统,死亡流程,死亡结算,死亡结算,UiDeadInfo,,李艺,李秋,王京京,4-部分功能定制,纯适配+pc框架,无需,无需,制作完成,,,随迭代处理,
SOC项目全量界面整理.xlsx,界面盘点,297,局内-系统,死亡流程,复活点选择,复活点选择,UiRespawn,,李艺,李秋,王京京,4-部分功能定制,适配+部分定制,F,P1尽量,制作完成,,绑定快捷键： / 空格切页/复活 / 滚轮选择复活点,随迭代处理,
SOC项目全量界面整理.xlsx,界面盘点,298,局内-系统,相机,相机HUD,相机HUD,UiCamera,,傅柄乔,傅柄乔,冯健恒,4-部分功能定制,适配+部分定制,D,P1尽量,待处理,,各镜头操作绑定组合快捷键,随迭代处理,
SOC项目全量界面整理.xlsx,界面盘点,299,局内-系统,相机,相机HUD-载具,相机HUD-载具,UiCamera,,傅柄乔,傅柄乔,冯健恒,4-部分功能定制,适配+部分定制,F,P1尽量,待处理,,同步载具HUD指引键位,随迭代处理,
SOC项目全量界面整理.xlsx,界面盘点,300,局内-系统,相机,相机-模板/滤镜,相机-模板/滤镜,UiCamera,,傅柄乔,傅柄乔,冯健恒,4-部分功能定制,纯适配+pc框架,无需,无需,待处理,,,随迭代处理,
SOC项目全量界面整理.xlsx,界面盘点,301,局内-系统,相机,相机-设置,相机-设置,UiCamera,,傅柄乔,傅柄乔,冯健恒,4-部分功能定制,纯适配+pc框架,无需,无需,待处理,,,随迭代处理,
SOC项目全量界面整理.xlsx,界面盘点,302,局内-系统,相机,相机-动作,相机-动作,UiCamera,,傅柄乔,傅柄乔,冯健恒,4-部分功能定制,纯适配+pc框架,无需,无需,待处理,,,随迭代处理,
SOC项目全量界面整理.xlsx,界面盘点,303,局内-系统,相机,相机-模板,相机-模板,UiCamera,,傅柄乔,傅柄乔,冯健恒,4-部分功能定制,,,,待处理,,,,
SOC项目全量界面整理.xlsx,界面盘点,304,局内-系统,相机,相机-路径,相机-路径,UiCamera,,傅柄乔,傅柄乔,冯健恒,4-部分功能定制,,,,待处理,,,,
SOC项目全量界面整理.xlsx,界面盘点,305,局内-系统,相机,管理模式-选择道具,管理模式-选择道具,UiAdmin(UiAdmin),P2,傅柄乔,傅柄乔,冯健恒,4-部分功能定制,纯适配+pc框架,无需,无需,待处理,,,随迭代处理,
SOC项目全量界面整理.xlsx,界面盘点,306,局内-系统,战局结算,战局结算,战局结算,ComNewRoot,,李艺,熊峰,彭歆妍,2-适配优化,,,,待处理,（20251118未加悬浮态）,,,
SOC项目全量界面整理.xlsx,界面盘点,307,局内-系统,战局结算,战局结算,战局结算,UiStorySettlement、UiWarSituation,P1,李艺,熊峰,彭歆妍,2-适配优化,纯适配+pc框架,无需,无需,待处理,,,随迭代处理,
SOC项目全量界面整理.xlsx,界面盘点,308,局内-系统,战局结算,战局结算,战局结算,UiDetailedData,,李艺,熊峰,彭歆妍,2-适配优化,,,,待处理,,,,
SOC项目全量界面整理.xlsx,界面盘点,309,局内-系统,抄家推送,结算界面,结算界面,,P2,王斌,熊峰,李萨,2-适配优化,纯适配+pc框架,无需,无需,制作完成,,,随迭代处理,
SOC项目全量界面整理.xlsx,界面盘点,310,局内-系统,抄家推送,突袭/遇袭战报,突袭/遇袭战报,ComBattleReportData,P2,王斌,熊峰,李萨,2-适配优化,纯适配+pc框架,无需,无需,制作完成,,,随迭代处理,
SOC项目全量界面整理.xlsx,界面盘点,311,局内-系统,抄家推送,战斗数据,战斗数据,ComBattleReport,P2,王斌,熊峰,李萨,2-适配优化,纯适配+pc框架,无需,无需,制作完成,,,随迭代处理,
SOC项目全量界面整理.xlsx,界面盘点,312,局内-系统,抄家推送,流水详情,流水详情,ComDetailsOfTheFlow,P2,王斌,熊峰,李萨,2-适配优化,纯适配+pc框架,无需,无需,制作完成,,,随迭代处理,
SOC项目全量界面整理.xlsx,界面盘点,313,局内-系统,搜打建,报名阶段,报名阶段,ComSumUp,P0,李艺,李秋,王京京,,,,,,,,,
SOC项目全量界面整理.xlsx,界面盘点,314,局内-系统,搜打建,预告阶段,预告阶段,ComSumUp,,李艺,李秋,王京京,,,,,,,,,
SOC项目全量界面整理.xlsx,界面盘点,315,局内-系统,搜打建,对抗阶段,对抗阶段,ComSumUp,,李艺,李秋,王京京,,,,,,,,,
SOC项目全量界面整理.xlsx,界面盘点,316,局内-系统,搜打建,结算阶段,结算阶段,ComSumUp,,李艺,李秋,王京京,,,,,,,,,
SOC项目全量界面整理.xlsx,界面盘点,317,局内-系统,搜打建,搜打建-地图（首次进入）,搜打建-地图（首次进入）,,,王斌,李秋,蒲诗雨,,,,,,,,,
SOC项目全量界面整理.xlsx,界面盘点,318,局内-系统,搜打建,搜打建-地图,搜打建-地图,,,王斌,李秋,蒲诗雨,,,,,,,,,
SOC项目全量界面整理.xlsx,界面盘点,319,局内-系统,搜打建,搜打建-排行榜,搜打建-排行榜,,,王斌,李秋,李宁,,,,,,,,,
SOC项目全量界面整理.xlsx,界面盘点,320,局内-系统,举报,举报,举报,UiReport,,傅柄乔,蔡婷艳,李宁,1-纯适配,纯适配+pc框架,无需,无需,暂不处理,,,随迭代处理,
SOC项目全量界面整理.xlsx,界面盘点,321,局内-系统,安全下线,安全下线,安全下线,UiForceChooseFullPop,,,蔡婷艳,蒲诗雨,1-纯适配,纯适配+pc框架,无需,无需,暂不处理,,处理PC关闭组件,随迭代处理,
SOC项目全量界面整理.xlsx,界面盘点,323,局内-物件交互,工具柜,领地中枢,领地中枢,UiTerritoryCenter,P0,余子文,蔡婷艳,李宁,2-适配优化,纯适配+pc框架,无需,无需,制作完成,,,未处理,
SOC项目全量界面整理.xlsx,界面盘点,324,局内-物件交互,工具柜,保险柜-未激活,保险柜-未激活,UiTerritoryCenter,P0,余子文,蔡婷艳,李宁,2-适配优化,纯适配+pc框架,无需,无需,制作完成,,,未处理,
SOC项目全量界面整理.xlsx,界面盘点,325,局内-物件交互,工具柜,保险柜-已激活,保险柜-已激活,RootTerritoryCenter,P0,余子文,蔡婷艳,李宁,2-适配优化,纯适配+pc框架,无需,无需,制作完成,,接背包的物品编辑逻辑,未处理,
SOC项目全量界面整理.xlsx,界面盘点,326,局内-物件交互,工具柜,领地换肤,领地换肤,UiLobbySkinBuilding,,余子文,李秋,蒲诗雨,1-纯适配,,,,暂不处理,随收藏,,,
SOC项目全量界面整理.xlsx,界面盘点,327,局内-物件交互,工具柜,领地编辑-批量升级,领地编辑-批量升级,UiTerritoryEdit,P1,余子文,李秋,蒲诗雨,2-适配优化,纯适配+pc框架,F,P2可改,制作完成,,接卡片hover表现,未处理,
SOC项目全量界面整理.xlsx,界面盘点,328,局内-物件交互,工具柜,领地编辑-一键修复,领地编辑-一键修复,UiTerritoryEdit,P2,余子文,李秋,蒲诗雨,2-适配优化,纯适配+pc框架,无需,无需,制作完成,,,随迭代处理,
SOC项目全量界面整理.xlsx,界面盘点,329,局内-物件交互,工具柜,权限管理,权限管理,UiPermissionCenter,P2,余子文,李秋,李宁,2-适配优化,纯适配+pc框架,无需,无需,制作完成,,,随迭代处理,
SOC项目全量界面整理.xlsx,界面盘点,330,局内-物件交互,工具柜,领地柜弹窗,领地柜弹窗,RootTerritoryEditContent,,余子文,李秋,李宁,1-纯适配,,,,暂不处理,,,,
SOC项目全量界面整理.xlsx,界面盘点,331,局内-物件交互,情报柜,情报破译,情报破译,UiReputationReward,P1,李艺,李秋,彭歆妍,2-适配优化,纯适配+pc框架,无需,无需,制作完成,,,未处理,
SOC项目全量界面整理.xlsx,界面盘点,332,局内-物件交互,情报柜,情报成员信息,情报成员信息,UiMemberInfoTips,P1,李艺,李秋,彭歆妍,2-适配优化,纯适配+pc框架,无需,无需,待处理,,,未处理,
SOC项目全量界面整理.xlsx,界面盘点,333,局内-物件交互,情报柜,情报柜-升级提示,情报柜-升级提示,,P1,李艺,李秋,彭歆妍,2-适配优化,纯适配+pc框架,无需,无需,待处理,,,未处理,
SOC项目全量界面整理.xlsx,界面盘点,334,局内-物件交互,情报柜,情报柜-放入情报,情报柜-放入情报,UiItemSplit,P1,李艺,李秋,彭歆妍,2-适配优化,纯适配+pc框架,无需,无需,待处理,,,未处理,
SOC项目全量界面整理.xlsx,界面盘点,335,局内-物件交互,交互容器-储物类,储物箱,储物箱,RootInventoryOtherside,P1,余子文,蔡婷艳,蒲诗雨,2-适配优化,纯适配+pc框架,无需,无需,待处理,,接背包的物品编辑逻辑,未处理,
SOC项目全量界面整理.xlsx,界面盘点,336,局内-物件交互,交互容器-储物类,全屏拾取（宝箱、掉落物、死亡盒子）,全屏拾取（宝箱、掉落物、死亡盒子）,RootInventoryOtherside,P1,余子文,蔡婷艳,蒲诗雨,2-适配优化,纯适配+pc框架,无需,无需,待处理,,,未处理,
SOC项目全量界面整理.xlsx,界面盘点,337,局内-物件交互,交互容器-储物类,玩家掠夺,玩家掠夺,,P1,余子文,蔡婷艳,蒲诗雨,2-适配优化,纯适配+pc框架,无需,无需,待处理,,,未处理,
SOC项目全量界面整理.xlsx,界面盘点,338,局内-物件交互,交互容器-储物类,马匹背包/载具储物模块,马匹背包/载具储物模块,RootInventoryOtherside,P1,余子文,蔡婷艳,蒲诗雨,2-适配优化,纯适配+pc框架,无需,无需,待处理,,接背包的物品编辑逻辑,未处理,
SOC项目全量界面整理.xlsx,界面盘点,339,局内-物件交互,交互容器-转化类,熔炉、调制台、营火、电熔炉、炼油机,熔炉、调制台、营火、电熔炉、炼油机,UiOtherSideNew,P1,余子文,蔡婷艳,彭歆妍,2-适配优化,纯适配+pc框架,无需,无需,待处理,,,未处理,
SOC项目全量界面整理.xlsx,界面盘点,340,局内-物件交互,交互容器-特殊类,研究台,研究台,UiResearch,P2,余子文,蔡婷艳,彭歆妍,2-适配优化,纯适配+pc框架,无需,无需,待处理,,,未处理,
SOC项目全量界面整理.xlsx,界面盘点,341,局内-物件交互,交互容器-特殊类,研究台-物品选择,研究台-物品选择,UiItemTips,P2,余子文,蔡婷艳,彭歆妍,2-适配优化,纯适配+pc框架,无需,无需,待处理,,,未处理,
SOC项目全量界面整理.xlsx,界面盘点,342,局内-物件交互,交互容器-特殊类,维修台,维修台,UiRepair,P2,余子文,蔡婷艳,彭歆妍,2-适配优化,纯适配+pc框架,无需,无需,待处理,,,未处理,
SOC项目全量界面整理.xlsx,界面盘点,343,局内-物件交互,交互容器-特殊类,挖掘机,挖掘机,UiDig,P2,余子文,蔡婷艳,彭歆妍,2-适配优化,纯适配+pc框架,无需,无需,待处理,,制作物品hover取出功能,未处理,
SOC项目全量界面整理.xlsx,界面盘点,344,局内-物件交互,交互容器-特殊类,分解机,分解机,UiInventoryOtherside,P2,余子文,蔡婷艳,彭歆妍,2-适配优化,纯适配+pc框架,无需,无需,待处理,,统一接物品hover取出功能,未处理,
SOC项目全量界面整理.xlsx,界面盘点,345,局内-物件交互,交互容器-特殊类,堆肥机,堆肥机,UiInventoryOtherside,P2,余子文,蔡婷艳,彭歆妍,2-适配优化,纯适配+pc框架,无需,无需,待处理,,统一接物品hover取出功能,未处理,
SOC项目全量界面整理.xlsx,界面盘点,346,局内-物件交互,交互容器-特殊类,拴马桩,拴马桩,UiManger,P2,余子文,蔡婷艳,彭歆妍,2-适配优化,纯适配+pc框架,无需,无需,待处理,,统一接物品hover取出功能,未处理,
SOC项目全量界面整理.xlsx,界面盘点,347,局内-物件交互,半屏类,摆件升级,摆件升级,UiDeployUpgrade,P2,王斌,谢爱萍,冯健恒,,,,,,,,,
SOC项目全量界面整理.xlsx,界面盘点,348,局内-物件交互,半屏类,摆件换肤,摆件换肤,UiChoseSkinConstruction,P2,石凤姣,谢爱萍,冯健恒,,,,,,,,,
SOC项目全量界面整理.xlsx,界面盘点,349,局内-物件交互,半屏类,自动炮台,自动炮台,UiTurret,P1,王斌,谢爱萍,冯健恒,3-纯表现定制,纯适配+pc框架,无需,无需,制作完成,,统一接物品hover取出功能,未处理,
SOC项目全量界面整理.xlsx,界面盘点,350,局内-物件交互,半屏类,自动炮台-武器填入 / （通用物品选择组件）,自动炮台-武器填入 / （通用物品选择组件）,UiTurretSideBackpack,P1,王斌,谢爱萍,冯健恒,3-纯表现定制,纯适配+pc框架,无需,无需,制作完成,,,无需处理,
SOC项目全量界面整理.xlsx,界面盘点,351,局内-物件交互,半屏类,自动炮台-弹药填入 / （通用物品填入组件）,自动炮台-弹药填入 / （通用物品填入组件）,UiItemSplit,P1,王斌,谢爱萍,冯健恒,3-纯表现定制,纯适配+pc框架,无需,无需,制作完成,,统一接物品hover取出功能,无需处理,
SOC项目全量界面整理.xlsx,界面盘点,352,局内-物件交互,半屏类,马匹配置,马匹配置,UiVehicle,P1,王斌,谢爱萍,冯健恒,3-纯表现定制,纯适配+pc框架,无需,无需,制作完成,,统一接物品hover取出功能,未处理,
SOC项目全量界面整理.xlsx,界面盘点,353,局内-物件交互,半屏类,载具配置,载具配置,UiVehicle,P1,王斌,谢爱萍,冯健恒,3-纯表现定制,纯适配+pc框架,无需,无需,制作完成,,统一接物品hover取出功能,未处理,
SOC项目全量界面整理.xlsx,界面盘点,354,局内-物件交互,半屏类,快艇配置,快艇配置,UiVehicle,P1,王斌,谢爱萍,冯健恒,3-纯表现定制,纯适配+pc框架,无需,无需,制作完成,,统一接物品hover取出功能,未处理,
SOC项目全量界面整理.xlsx,界面盘点,355,局内-物件交互,睡袋,睡袋命名,睡袋命名,UiInputBox,,余子文,熊峰,,1-纯适配,纯适配+pc框架,无需,无需,暂不处理,,,无需处理,
SOC项目全量界面整理.xlsx,界面盘点,356,局内-物件交互,睡袋,睡袋赠送,睡袋赠送,UiPlayerSelectWithModel,,余子文,熊峰,,1-纯适配,纯适配+pc框架,无需,无需,暂不处理,,,未处理,
SOC项目全量界面整理.xlsx,界面盘点,357,局内-物件交互,种植,种植,种植,UiPlantMain,P2,王斌,谢爱萍,王京京,1-纯适配,纯适配+pc框架,无需,无需,暂不处理,,,未处理,
SOC项目全量界面整理.xlsx,界面盘点,358,局内-物件交互,种植,种植-种子填入,种植-种子填入,,P2,王斌,谢爱萍,王京京,,,,,,,,,
SOC项目全量界面整理.xlsx,界面盘点,359,局内-物件交互,种植,种植详情,种植详情,,P2,王斌,谢爱萍,王京京,,,,,,,,,
SOC项目全量界面整理.xlsx,界面盘点,360,局内-物件交互,种植,杂交,杂交,UiPlantMain,P2,王斌,谢爱萍,王京京,1-纯适配,纯适配+pc框架,无需,无需,暂不处理,,,未处理,
SOC项目全量界面整理.xlsx,界面盘点,361,局内-物件交互,载具修理台,载具改装,载具改装,UiLiftingPlatform,,余子文,杨帅帅,李萨,1-纯适配,纯适配+pc框架,无需,无需,暂不处理,,,随迭代处理,
SOC项目全量界面整理.xlsx,界面盘点,362,局内-物件交互,载具修理台,载具加油,载具加油,UiVehicleRefuel,,余子文,杨帅帅,李萨,1-纯适配,纯适配+pc框架,无需,无需,暂不处理,,,,
SOC项目全量界面整理.xlsx,界面盘点,363,局内-物件交互,商店/售货机,NPC商店,NPC商店,UiShop,P2,王斌,李秋,李宁,2-适配优化,纯适配+pc框架,无需,无需,制作中,,,未处理,
SOC项目全量界面整理.xlsx,界面盘点,364,局内-物件交互,商店/售货机,自动售货机,自动售货机,UiShop,,余子文,李秋,李宁,1-纯适配,纯适配+pc框架,无需,无需,暂不处理,,,未处理,
SOC项目全量界面整理.xlsx,界面盘点,365,局内-物件交互,商店/售货机,自动售货机-商店管理,自动售货机-商店管理,UiShopUpload,,孙晓娣,李秋,李宁,1-纯适配,纯适配+pc框架,无需,无需,暂不处理,中低优GUI迭代,,未处理,
SOC项目全量界面整理.xlsx,界面盘点,366,局内-物件交互,商店/售货机,自动售货机-添加新订单,自动售货机-添加新订单,ComAddItem/ComChangeOrder,,孙晓娣,李秋,李宁,1-纯适配,纯适配+pc框架,无需,无需,暂不处理,中低优GUI迭代,,未处理,
SOC项目全量界面整理.xlsx,界面盘点,367,局内-物件交互,商店/售货机,自动售货机-库存管理,自动售货机-库存管理,ComStockManagement,,余子文,李秋,李宁,1-纯适配,纯适配+pc框架,无需,无需,暂不处理,中低优GUI迭代,,未处理,
SOC项目全量界面整理.xlsx,界面盘点,368,局内-物件交互,喀秋莎,喀秋莎,喀秋莎,UiKatyusha,,余子文,李秋,王京京,1-纯适配,纯适配+pc框架,无需,无需,暂不处理,,统一接物品hover取出功能,未处理,
SOC项目全量界面整理.xlsx,界面盘点,370,局内-独立玩法&特殊功能,局内小游戏,惊喜玩法,惊喜玩法,,,,,,已废弃,纯适配+pc框架,无需,无需,已废弃,,,待定,
SOC项目全量界面整理.xlsx,界面盘点,371,局内-独立玩法&特殊功能,局内小游戏,连线小游戏,连线小游戏,UiSwipeCardGame,,李艺,杨帅帅,王京京,2-适配优化,纯适配+pc框架,无需,无需,制作完成,,,无需处理,
SOC项目全量界面整理.xlsx,界面盘点,372,局内-独立玩法&特殊功能,局内小游戏,连线结算,连线结算,UiForceChooseFullPop,,李艺,杨帅帅,王京京,1-纯适配,纯适配+pc框架,无需,无需,暂不处理,,,未处理,
SOC项目全量界面整理.xlsx,界面盘点,373,局内-独立玩法&特殊功能,局内小游戏,开锁小游戏,开锁小游戏,,,王斌,杨帅帅,王京京,,,,,,,,,
SOC项目全量界面整理.xlsx,界面盘点,374,局内-独立玩法&特殊功能,局内小游戏,男团小游戏,男团小游戏,,,王斌,杨帅帅,王京京,,,,,,,,,
SOC项目全量界面整理.xlsx,界面盘点,375,局内-独立玩法&特殊功能,运输玩法,运输侧弹窗,运输侧弹窗,UiTrainCargoPanel,P1,李艺,谢爱萍,彭歆妍,2-适配优化,纯适配+pc框架,无需,无需,待处理,,,未处理,
SOC项目全量界面整理.xlsx,界面盘点,376,局内-独立玩法&特殊功能,运输玩法,选择卸货弹窗,选择卸货弹窗,,P1,李艺,谢爱萍,彭歆妍,2-适配优化,纯适配+pc框架,无需,无需,待处理,,,未处理,
SOC项目全量界面整理.xlsx,界面盘点,377,局内-独立玩法&特殊功能,领地攻防,HUD,HUD,,P1,余子文,李秋,李萨,2-适配优化,纯适配+pc框架,无需,无需,待处理,,,随迭代处理,
SOC项目全量界面整理.xlsx,界面盘点,378,局内-独立玩法&特殊功能,领地攻防,阵营选择,阵营选择,,P1,余子文,李秋,李萨,2-适配优化,纯适配+pc框架,无需,无需,待处理,,,随迭代处理,
SOC项目全量界面整理.xlsx,界面盘点,379,局内-独立玩法&特殊功能,领地攻防,作战套装,作战套装,,P1,余子文,李秋,李萨,,,,,,,,,
SOC项目全量界面整理.xlsx,界面盘点,380,局内-独立玩法&特殊功能,领地攻防,战斗结算,战斗结算,UiBigTitlePanel,P1,余子文,李秋,李萨,2-适配优化,纯适配+pc框架,无需,无需,待处理,,,随迭代处理,
SOC项目全量界面整理.xlsx,界面盘点,381,局内-独立玩法&特殊功能,领地攻防,战斗结算表,战斗结算表,,P1,余子文,李秋,李萨,2-适配优化,纯适配+pc框架,无需,无需,待处理,,,随迭代处理,
SOC项目全量界面整理.xlsx,界面盘点,382,局内-独立玩法&特殊功能,领地攻防,局内计分板,局内计分板,,P1,余子文,李秋,李萨,2-适配优化,,,,待处理,,,,
SOC项目全量界面整理.xlsx,界面盘点,383,局内-独立玩法&特殊功能,OB模式,PC大厅OB入口菜单,PC大厅OB入口菜单,ComLobbyMainRoot/Platform/Pc,,傅柄乔,熊峰,冯健恒,,,,,,,,,
SOC项目全量界面整理.xlsx,界面盘点,384,局内-独立玩法&特殊功能,OB模式,局内玩家列表界面,局内玩家列表界面,UiGameOBPlayerList,,傅柄乔,熊峰,冯健恒,,,,,,,,,
SOC项目全量界面整理.xlsx,界面盘点,385,局内-独立玩法&特殊功能,OB模式,局内领地界面,局内领地界面,UiGameOBTerritoryInfo,,傅柄乔,熊峰,冯健恒,,,,,,,,,
SOC项目全量界面整理.xlsx,界面盘点,386,局内-独立玩法&特殊功能,OB模式,OB地图,OB地图,,,傅柄乔,熊峰,冯健恒,,,,,,,,,
SOC项目全量界面整理.xlsx,界面盘点,387,局内-独立玩法&特殊功能,OB模式,OBHUD,OBHUD,UiHudElems@GameHud_PC,,傅柄乔,熊峰,冯健恒,,,,,,,,,
SOC项目全量界面整理.xlsx,界面盘点,388,局内-独立玩法&特殊功能,OB模式,OB容器类物品查看列表,OB容器类物品查看列表,UiGameOBItemViewList,,傅柄乔,熊峰,冯健恒,,,,,,,,,
